rank,source_type,source,candidate_id,score,context_snippet,suggested_id,reason
1,rtf_qid,RTF:Q2.2,M4-Q02,0.375,Module 1 - General,M1-Q02,"Context mentions ""Module 1""; remap M4 -> M1 keeping Q number."
2,rtf_qid,RTF:Q4.2,M4-Q09,0.375,Module 1 - General,M1-Q09,"Context mentions ""Module 1""; remap M4 -> M1 keeping Q number."
3,rtf_qid,RTF:Q2.2,M4-Q02,0.375,Part 2 - Specific Studies,,
4,rtf_qid,RTF:Q4.2,M4-Q09,0.375,Part 2 - Specific Studies,,
5,rtf_qid,RTF:Q2.2,M4-Q02,0.375,Part 3 - Circuitry,,
6,rtf_qid,RTF:Q4.2,M4-Q09,0.375,Part 3 - Circuitry,,
7,rtf_qid,RTF:Q2.2,M4-Q02,0.375,Module 3 - Mind Change,,Context mentions Module 3; no automatic suggestion.
8,rtf_qid,RTF:Q4.2,M4-Q09,0.375,Module 3 - Mind Change,,Context mentions Module 3; no automatic suggestion.
9,pdf_page,MODULE 4_2_RCT_PSYCH_MECHANISMS#page=30,M4-Q16,0.373,Experimenter CLASSIFICATION OF CLINICAL TRIALS:  DOUBLE-BLINDING,,
10,rtf_qid,RTF:Q5.2,M4-Q05,0.364,Module 1 - General,M1-Q05,"Context mentions ""Module 1""; remap M4 -> M1 keeping Q number."
11,rtf_qid,RTF:Q5.2,M4-Q05,0.364,Part 3 - Circuitry,,
12,rtf_qid,RTF:Q5.2,M4-Q05,0.364,Module 3 - Mind Change,,Context mentions Module 3; no automatic suggestion.
13,pdf_page,MODULE 4_2_RCT_PSYCH_MECHANISMS#page=29,M4-Q16,0.356,Experimenter CLASSIFICATION OF CLINICAL TRIALS:  SINGLE-BLINDING,,
14,pdf_page,MODULE 4_2_RCT_PSYCH_MECHANISMS#page=93,M4-Q22,0.310,PSYCHOLOGICAL MECHANISMS • Theoretical aspects: –Expectation: models –Conditioning: – Classical – Operant – Social • From theory to practice: placebo effect studies,,
15,pdf_page,MODULE 3_MindChange_part1#page=3,M3-Q15,0.309,Summary • Change of the World: from 3D to 2D • How our brain works and changes • Effects of the digital world on identity and relationship • Effects of the digital world on free time and aggressivity • Effects of the digital world on memory and learning,,
16,pdf_page,MODULE 3_MindChange_part1#page=15,M3-Q15,0.309,Summary • Change of the World: from 3D to 2D • How our brain works and changes • Effects of the digital world on identity and relationship • Effects of the digital world on free time and aggressivity • Effects of the digital world on memory and learning,,
17,pdf_page,MODULE 3_MindChange_part1#page=39,M3-Q15,0.309,Summary • Change of the World: from 3D to 2D • How our brain works and changes • Effects of the digital world on identity and relationship • Effects of the digital world on free time and aggressivity • Effects of the digital world on memory and learning,,
18,pdf_page,MODULE 3_MindChange_part2#page=3,M3-Q15,0.309,Summary • Change of the World: from 3D to 2D • How our brain works and changes • Effects of the digital world on identity and relationship • Effects of the digital world on free time and aggressivity • Effects of the digital world on memory and learning,,
19,pdf_page,MODULE 3_MindChange_part3#page=1,M3-Q15,0.309,Summary • Change of the World: from 3D to 2D • How our brain works and changes • Effects of the digital world on identity and relationship • Effects of the digital world on free time and aggressivity • Effects of the digital world on memory and learning,,
20,rtf_qid,RTF:Q4.3,M1-Q20,0.308,Part 2 - Specific Studies,,
21,pdf_page,MODULE 4_2_RCT_PSYCH_MECHANISMS#page=12,M4-Q22,0.307,PLACEBO in modern science: 3 contexts • In clinical trials→ the aim is to REDUCE the placebo effect Placebo administered to quantify the efficacy of an active  treatment,,
22,pdf_page,MODULE 4_1_Neuro_mech-1#page=50,M4-Q16,0.306,Placebo effect and PD • Clinical trials • Behavioral Studies • Neuroimaging studies – PET – Single neuron recordings – EEG,,
23,pdf_page,MODULE 4_1_Neuro_mech-1#page=1,M4-Q05,0.304,"Placebo, nocebo and  contextual factors: history, research and clinical practice",,
24,pdf_page,MODULE 4_1_Neuro_mech-1#page=29,M4-Q18,0.304,MOTOR  SYSTEM Placebo effect (caffeine drink) Nocebo effect (sham stimulation),,
25,pdf_page,MODULE 4_2_RCT_PSYCH_MECHANISMS#page=69,M4-Q05,0.304,"Placebo, nocebo and  contextual factors: history, research and clinical practice",,
26,pdf_page,MODULE 4_2_RCT_PSYCH_MECHANISMS#page=27,M4-Q16,0.295,Experimenter CLASSIFICATION OF CLINICAL TRIALS: non- randomized method,,
27,pdf_page,MODULE 4_2_RCT_PSYCH_MECHANISMS#page=64,M4-Q18,0.290,BALANCED DESIGN GET TOLD MEDICATION PLACEBO ACTIVE  EFFECT PLACEBO EFFECT BASELINE MEDICATION PLACEBO ACTIVE +  Placebo,,
28,pdf_page,MODULE 4_1_Neuro_mech-1#page=2,M4-Q22,0.288,PLACEBO in modern science: 3 contexts • In clinical trials → the aim is to REDUCE the placebo effect • In scientific research → the aim is to UNDERSTAND how the placebo effect works • In clinical practice →the aim is to INCREASE the placebo effect,,
29,pdf_page,MODULE 4_2_RCT_PSYCH_MECHANISMS#page=70,M4-Q22,0.288,PLACEBO in modern science: 3 contexts • In clinical trials → the aim is to REDUCE the placebo effect • In scientific research → the aim is to UNDERSTAND how the placebo effect works • In clinical practice →the aim is to INCREASE the placebo effect,,
30,pdf_page,MODULE 4_2_RCT_PSYCH_MECHANISMS#page=26,M4-Q16,0.285,CLASSIFICATION OF CLINICAL TRIALS • Method used to allocate participants to groups (treatment or control)  (randomized or non-randomized) • Participant and researcher awareness of group allocation (blinding),,
31,pdf_page,MODULE 4_2_RCT_PSYCH_MECHANISMS#page=71,M4-Q22,0.283,PLACEBO in modern science: SCIENTIFIC  RESEARCH • In research→ UNDERSTAND How does that work: 1) Psychological mechanisms 2) Neurobiological mechanisms How can it be studied? How much does it work? Who does it work on? On what population? Under what conditions does it work?,,
32,pdf_page,MODULE 4_2_RCT_PSYCH_MECHANISMS#page=11,M4-Q22,0.280,PLACEBO in modern science: 3 contexts • In clinical trials → the aim is to REDUCE the placebo effect • In scientific research → the aim is to UNDERSTAND how placebo effect works • In clinical practice → the aim is to INCREASE the placebo effect,,
33,pdf_page,MODULE 4_2_RCT_PSYCH_MECHANISMS#page=13,M4-Q16,0.280,PLACEBO in modern science: 3 contexts • In clinical trials → REDUCE PLACEBO Efficacy,,
34,pdf_page,MODULE 4_1_Neuro_mech-1#page=15,M4-Q22,0.276,"Krummenacher et al. 2010 Pain 148: 368-374 If the prefrontal area (DLPFC) is inactivated,  placebo effect is abolished Analgesia  expectation Analgesia  expectation",,
35,pdf_page,MODULE 4_2_RCT_PSYCH_MECHANISMS#page=50,M4-Q18,0.268,+ CONTEXT PLACEBO Placebo effect Nocebo effect Placebo effect ≠ placebo response (RCTs) Inert treatment administered  within a psychosocial  setting (context effect),,
36,pdf_page,MODULE 4_2_RCT_PSYCH_MECHANISMS#page=4,M4-Q22,0.267,THEORETICAL SUMMARY • Definitions • Psychological mechanisms that activate placebo and nocebo effects • Physiological mechanisms that activate placebo and nocebo effects • From theory to clinical practice and ethics,,
37,pdf_page,MODULE 4_1_Neuro_mech-1#page=11,M4-Q18,0.266,Placebo effect and PAIN • Behavioral Studies • Pharmacological studies • Neuroimaging studies - PET-fMRI -EEG,,
38,pdf_page,MODULE 4_1_Neuro_mech-1#page=19,M4-Q18,0.266,Placebo effect and PAIN • Behavioral Studies • Pharmacological studies • Neuroimaging studies - PET-fMRI - EEG,,
39,rtf_qid,RTF:Q9.2,M4-Q09,0.263,Module 1 - General,M1-Q09,"Context mentions ""Module 1""; remap M4 -> M1 keeping Q number."
40,pdf_page,MODULE 3_MindChange_part2#page=43,M4-Q15,0.261,"VIDEOGAMES, AGGRESSION, AND RECKLESSNESS • Moreover, these effects seem to  increase and last for several days.",,
41,pdf_page,MODULE 4_2_RCT_PSYCH_MECHANISMS#page=3,M4-Q05,0.261,"Placebo, nocebo and  contextual factors:  HOW DOES CONTEXT CHANGES OUR BRAIN? History, research and clinical practice",,
42,pdf_page,MODULE 3_MindChange_part2#page=16,M4-Q16,0.260,• Considering the CGT task →negative correlation between the gray  matter volume in the left ventral striatum and the deliberation time in  the CGT Gaming →mark in the  brain,,
43,pdf_page,MODULE 4_2_RCT_PSYCH_MECHANISMS#page=48,M4-Q18,0.260,PLACEBO EFFECT = CONTEXT EFFECT Expectation Previous  experience • VERBAL  INFORMATION • DOCTOR-PATIENT  RELATIONSHIP Patient  characteristics • PHYSICAL CONTEXT • PHYSICALITY OF THE  TREATMENT,,
44,pdf_page,MODULE 4_1_Neuro_mech-1#page=14,M1-Q20,0.259,"Amanzio, Benedetti et al (2011) Hum Brain Mapp Placebo - Expectation Pain perception (pain matrix) Activation Inhibition DLPFC rACC (Rostral Cingulate  Anterior Cortex) PAG (Periaqueductal  Gray) Putamen Insula Caudate Thalamus pCC (Posterior cingulate  Cortex)",,
45,pdf_page,MODULE 4_2_RCT_PSYCH_MECHANISMS#page=94,M4-Q24,0.259,Conditioning • Behavioral psychology: different types of Learning,,
46,pdf_page,MODULE 3_MindChange_part2#page=2,M1-Q20,0.258,Conceptual mapConceptual map Change of the world Change of the brain FREE TIME LEARNING enlarged ventral  striatum AGGRESSION,,
47,pdf_page,MODULE 4_1_Neuro_mech-1#page=45,M4-Q18,0.258,"HORMONAL CHANGES • Plasma GH  concentration • Expectancy does not  vary GH  concentration • Placebo mimics the  effect of  sumatriptan (> GH) Benedetti et al., 2003",,
48,pdf_page,MODULE 4_2_RCT_PSYCH_MECHANISMS#page=49,M4-Q18,0.258,PLACEBO EFFECT = CONTEXT EFFECT The placebo effect is the effect of the context Expectation Previous  experience • VERBAL  INFORMATION • DOCTOR-PATIENT  RELATIONSHIP Patient  characteristics • PHYSICAL CONTEXT • PHYSICALITY OF THE  TREATMENT PLACEBO,,
49,pdf_image,MODULE 4_2_RCT_PSYCH_MECHANISMS#page=30#docs\pdf_images\MODULE 4_2_RCT_PSYCH_MECHANISMS\page_30_img1.png,M4-Q16,0.258,Experimenter CLASSIFICATION OF CLINICAL TRIALS:  DOUBLE-BLINDING,,
50,pdf_image,MODULE 4_2_RCT_PSYCH_MECHANISMS#page=30#docs\pdf_images\MODULE 4_2_RCT_PSYCH_MECHANISMS\page_30_img2.png,M4-Q16,0.258,Experimenter CLASSIFICATION OF CLINICAL TRIALS:  DOUBLE-BLINDING,,
51,pdf_image,MODULE 4_2_RCT_PSYCH_MECHANISMS#page=30#docs\pdf_images\MODULE 4_2_RCT_PSYCH_MECHANISMS\page_30_img3.png,M4-Q16,0.258,Experimenter CLASSIFICATION OF CLINICAL TRIALS:  DOUBLE-BLINDING,,
52,pdf_image,MODULE 4_2_RCT_PSYCH_MECHANISMS#page=30#docs\pdf_images\MODULE 4_2_RCT_PSYCH_MECHANISMS\page_30_img4.png,M4-Q16,0.258,Experimenter CLASSIFICATION OF CLINICAL TRIALS:  DOUBLE-BLINDING,,
53,pdf_image,MODULE 4_2_RCT_PSYCH_MECHANISMS#page=30#docs\pdf_images\MODULE 4_2_RCT_PSYCH_MECHANISMS\page_30_img5.png,M4-Q16,0.258,Experimenter CLASSIFICATION OF CLINICAL TRIALS:  DOUBLE-BLINDING,,
54,pdf_image,MODULE 4_2_RCT_PSYCH_MECHANISMS#page=30#docs\pdf_images\MODULE 4_2_RCT_PSYCH_MECHANISMS\page_30_img6.png,M4-Q16,0.258,Experimenter CLASSIFICATION OF CLINICAL TRIALS:  DOUBLE-BLINDING,,
55,pdf_image,MODULE 4_2_RCT_PSYCH_MECHANISMS#page=30#docs\pdf_images\MODULE 4_2_RCT_PSYCH_MECHANISMS\page_30_img7.png,M4-Q16,0.258,Experimenter CLASSIFICATION OF CLINICAL TRIALS:  DOUBLE-BLINDING,,
56,pdf_image,MODULE 4_2_RCT_PSYCH_MECHANISMS#page=30#docs\pdf_images\MODULE 4_2_RCT_PSYCH_MECHANISMS\page_30_img8.png,M4-Q16,0.258,Experimenter CLASSIFICATION OF CLINICAL TRIALS:  DOUBLE-BLINDING,,
57,pdf_image,MODULE 4_2_RCT_PSYCH_MECHANISMS#page=30#docs\pdf_images\MODULE 4_2_RCT_PSYCH_MECHANISMS\page_30_img9.png,M4-Q16,0.258,Experimenter CLASSIFICATION OF CLINICAL TRIALS:  DOUBLE-BLINDING,,
58,pdf_page,MODULE 3_MindChange_part1#page=88,M4-Q13,0.257,Face processing is  compromised,,
59,pdf_page,MODULE 3_MindChange_part2#page=6,M4-Q21,0.255,Videogame and the brain What’s going on in our brain when we play videogames?,,
60,pdf_page,MODULE 4_1_Neuro_mech-1#page=46,M4-Q18,0.254,"HORMONAL CHANGES • Plasma cortisol  concentration • Expectancy does not  vary cortisol  concentration • Placebo mimics the  effect of sumatriptan  (< cortisol) Benedetti et al., 2003",,
61,pdf_page,MODULE 4_2_RCT_PSYCH_MECHANISMS#page=28,M4-Q16,0.254,Informations about patients  RANDOM CLASSIFICATION OF CLINICAL TRIALS:  randomized method Experimenter,,
62,pdf_page,MODULE 3_MindChange_part1#page=18,M1-Q13,0.252,"Brain Changes Let’s see examples of this brain plasticity: Kolb, B. (2009).",,
63,pdf_image,MODULE 4_2_RCT_PSYCH_MECHANISMS#page=29#docs\pdf_images\MODULE 4_2_RCT_PSYCH_MECHANISMS\page_29_img1.png,M4-Q01,0.252,Experimenter CLASSIFICATION OF CLINICAL TRIALS:  SINGLE-BLINDING,,
64,pdf_image,MODULE 4_2_RCT_PSYCH_MECHANISMS#page=29#docs\pdf_images\MODULE 4_2_RCT_PSYCH_MECHANISMS\page_29_img2.png,M4-Q01,0.252,Experimenter CLASSIFICATION OF CLINICAL TRIALS:  SINGLE-BLINDING,,
65,pdf_image,MODULE 4_2_RCT_PSYCH_MECHANISMS#page=29#docs\pdf_images\MODULE 4_2_RCT_PSYCH_MECHANISMS\page_29_img3.png,M4-Q01,0.252,Experimenter CLASSIFICATION OF CLINICAL TRIALS:  SINGLE-BLINDING,,
66,pdf_image,MODULE 4_2_RCT_PSYCH_MECHANISMS#page=29#docs\pdf_images\MODULE 4_2_RCT_PSYCH_MECHANISMS\page_29_img4.png,M4-Q01,0.252,Experimenter CLASSIFICATION OF CLINICAL TRIALS:  SINGLE-BLINDING,,
67,pdf_image,MODULE 4_2_RCT_PSYCH_MECHANISMS#page=29#docs\pdf_images\MODULE 4_2_RCT_PSYCH_MECHANISMS\page_29_img5.png,M4-Q01,0.252,Experimenter CLASSIFICATION OF CLINICAL TRIALS:  SINGLE-BLINDING,,
68,pdf_image,MODULE 4_2_RCT_PSYCH_MECHANISMS#page=29#docs\pdf_images\MODULE 4_2_RCT_PSYCH_MECHANISMS\page_29_img6.png,M4-Q01,0.252,Experimenter CLASSIFICATION OF CLINICAL TRIALS:  SINGLE-BLINDING,,
69,pdf_image,MODULE 4_2_RCT_PSYCH_MECHANISMS#page=29#docs\pdf_images\MODULE 4_2_RCT_PSYCH_MECHANISMS\page_29_img7.png,M4-Q01,0.252,Experimenter CLASSIFICATION OF CLINICAL TRIALS:  SINGLE-BLINDING,,
70,pdf_image,MODULE 4_2_RCT_PSYCH_MECHANISMS#page=29#docs\pdf_images\MODULE 4_2_RCT_PSYCH_MECHANISMS\page_29_img8.png,M4-Q01,0.252,Experimenter CLASSIFICATION OF CLINICAL TRIALS:  SINGLE-BLINDING,,
71,pdf_image,MODULE 4_2_RCT_PSYCH_MECHANISMS#page=29#docs\pdf_images\MODULE 4_2_RCT_PSYCH_MECHANISMS\page_29_img9.png,M4-Q01,0.252,Experimenter CLASSIFICATION OF CLINICAL TRIALS:  SINGLE-BLINDING,,
72,pdf_page,MODULE 3_MindChange_part3#page=17,M1-Q12,0.251,"• The Internet has become a  primary form of external or  transactive memory, where  information is stored  collectively outside ourselves. • Google can “affect” memory…  which kind of memory? Google effect",,
73,pdf_page,MODULE 4_2_RCT_PSYCH_MECHANISMS#page=15,M4-Q16,0.251,PLACEBO IN CLINICAL TRIALS We administer the ACTIVE treatment (active arm) time pain Treatment  administration PAIN CONDITION With the active treatment the  pain decreases over time,,
74,pdf_page,MODULE 4_2_RCT_PSYCH_MECHANISMS#page=17,M4-Q16,0.251,"PLACEBO IN CLINICAL TRIALS We administer the ACTIVE treatment (active arm) and ... WE COMPARE WITH PLACEBO (sine wave) In this case, is the drug more  effective than placebo in reducing  pain? time pain Treatment  administration PAIN CONDITION",,
75,rtf_qid,RTF:Q6.2,M1-Q26,0.250,Module 1 - General,,
76,rtf_qid,RTF:Q7.2,M4-Q07,0.250,Module 1 - General,M1-Q07,"Context mentions ""Module 1""; remap M4 -> M1 keeping Q number."
77,rtf_qid,RTF:Q10.2,M4-Q21,0.250,Module 1 - General,M1-Q21,"Context mentions ""Module 1""; remap M4 -> M1 keeping Q number."
78,rtf_qid,RTF:Q6.2,M1-Q26,0.250,Part 3 - Circuitry,,
79,rtf_qid,RTF:Q7.2,M4-Q07,0.250,Part 3 - Circuitry,,
80,rtf_qid,RTF:Q10.2,M4-Q21,0.250,Part 3 - Circuitry,,
81,rtf_qid,RTF:Q6.2,M1-Q26,0.250,Module 3 - Mind Change,,
82,rtf_qid,RTF:Q7.2,M4-Q07,0.250,Module 3 - Mind Change,,Context mentions Module 3; no automatic suggestion.
83,pdf_page,MODULE 3_MindChange_part1#page=99,M1-Q17,0.249,Role of Nacc Fig. 3. Distributions of the tracked Facebook variables from the smartphones of the participants.,,
84,pdf_page,MODULE 3_MindChange_part2#page=34,M1-Q12,0.249,Is there a link between aggression and  videogames? Violent videogames Especially “realistic” video games Increase aggression Increase aggression in real life ??? ???,,
85,pdf_page,MODULE 4_2_RCT_PSYCH_MECHANISMS#page=75,M4-Q22,0.249,"PSYCHOLOGICAL MECHANISMS • Theoretical aspects: – Expectation: Models • Pierce’s theory →SIGNS  • Atkinson →EXPECTATIONS + SUBJECTIVE VALUE  • Khaneman, Tversky →PROSPECT THEORY (loss and gain)  • Rescorla-Wagner →ASSOCIATIVE LEARNING PROCESS • ViolEx Model →VIOLATION OF EXPECTATION  • Bayesian pers",,
86,pdf_page,MODULE 4_2_RCT_PSYCH_MECHANISMS#page=31,M4-Q16,0.247,CLINICAL TRIALS GOLD STANDARD: 1) Randomized 2) Double-blind 3) Placebo controlled Experimenter RANDOMIZATION,,
87,pdf_page,MODULE 3_MindChange_part1#page=82,M4-Q24,0.246,Changes in  communication  style,,
88,pdf_page,MODULE 4_2_RCT_PSYCH_MECHANISMS#page=9,M4-Q18,0.246,HOW CAN WE SAY THAT A TREATMENT  IS EFFECTIVE? ?,,
89,pdf_page,MODULE 3_MindChange_part1#page=16,M4-Q15,0.244,Brain Changes 3D world 2D world ≠ human brain will adapt to  whatever environment in  which it is placed,,
90,pdf_page,MODULE 3_MindChange_part2#page=45,M1-Q13,0.241,"VIDEOGAMES, AGGRESSION, AND RECKLESSNESS",,
91,pdf_page,MODULE 3_MindChange_part2#page=73,M4-Q07,0.241,Screen and visual attention,,
92,pdf_page,MODULE 4_1_Neuro_mech-1#page=52,M1-Q12,0.241,"• Surgical trial (McRae et al., 2004): • No difference between real intervention and placebo  (""effectiveness of transplantation of human embryonic  dopamine neurons"") • Difference based on patient perception: – Patients who thought they had undergone the real surgery had  a benefit up to 12 months",,
93,pdf_page,MODULE 4_2_RCT_PSYCH_MECHANISMS#page=47,M4-Q22,0.241,"PLACEBO IN CLINICAL TRIALS:  ACTIVE ARM PROBLEMS • Is the placebo effect therefore increasing? • The effect of the psychosocial context that accompanies the  administration of medical treatment is increasing Carlino E, Vase L. Can knowledge of Placebo and Nocebo Mechanisms Help Improve Randomized Cl",,
94,pdf_page,MODULE 4_2_RCT_PSYCH_MECHANISMS#page=80,M4-Q22,0.241,Expectation: Peirce's theory •We actively interpret the signs of the objects that surround us •This interpretation produces changes in our body that add to  the changes produced by the object itself,,
95,pdf_page,MODULE 3_MindChange_part1#page=69,M4-Q22,0.240,Most popular social networks of teenagers in  the United States from fall 2012 to fall 2019 © Statista 2020,,
96,pdf_page,MODULE 4_2_RCT_PSYCH_MECHANISMS#page=40,M4-Q15,0.240,PLACEBO IN CLINICAL TRIALS: PROBLEMS We administer the ACTIVE treatment (active arm) and… WE COMPARE WITH PLACEBO (placebo arm) pain Treatment administration Natural History (NH) Regression to the mean Bias NON-SPECIFIC FACTORS Treatment efficacy ACTIVE  PRINCIPLE x,,
97,pdf_page,MODULE 4_2_RCT_PSYCH_MECHANISMS#page=62,M4-Q13,0.240,CROSS-OVER DESIGN R A N D O M I Z A T I O N Drug administration Placebo administration  Placebo administration Drug administration,,
98,pdf_page,MODULE 3_MindChange_part2#page=69,M4-Q07,0.239,Screen and visual attention the habitual videogame players (VGPs)  outperformed the rookies (NVGPs),,
99,pdf_page,MODULE 3_MindChange_part1#page=1,M4-Q07,0.235,Use of technology and  networking: how do they change our brain,,
100,pdf_page,MODULE 3_MindChange_part2#page=1,M4-Q07,0.235,Use of technology and  networking: how do they change our brain,,
101,pdf_page,MODULE 3_MindChange_part2#page=33,M4-Q18,0.235,From free time to aggression A crucial point related to videogames is related to aggression,,
102,pdf_page,MODULE 4_2_RCT_PSYCH_MECHANISMS#page=16,M4-Q16,0.235,"PLACEBO IN CLINICAL TRIALS We administer the ACTIVE treatment (active arm) and ... WE COMPARE WITH PLACEBO (flat line) In this case, is the drug more  effective than placebo in reducing  pain? Time pain Treatment  administration PAIN CONDITION Pain remains the same  over time",,
103,pdf_page,MODULE 4_2_RCT_PSYCH_MECHANISMS#page=18,M4-Q16,0.234,"PLACEBO IN CLINICAL TRIALS We administer the ACTIVE treatment (active arm) and ... WE COMPARE WITH PLACEBO In this case, is the drug more  effective than placebo in reducing  pain? time pain Administration treatment PAIN CONDITION Both active treatment and  placebo lead to a decrease of  pain over t",,
104,pdf_page,MODULE 3_MindChange_part1#page=4,M4-Q18,0.233,Change of the World: from 3D to 2D 3D world Tablet PC Smartphone TV,,
105,pdf_image,MODULE 4_2_RCT_PSYCH_MECHANISMS#page=27#docs\pdf_images\MODULE 4_2_RCT_PSYCH_MECHANISMS\page_27_img1.png,M4-Q01,0.232,Experimenter CLASSIFICATION OF CLINICAL TRIALS: non- randomized method,,
106,pdf_image,MODULE 4_2_RCT_PSYCH_MECHANISMS#page=27#docs\pdf_images\MODULE 4_2_RCT_PSYCH_MECHANISMS\page_27_img2.png,M4-Q01,0.232,Experimenter CLASSIFICATION OF CLINICAL TRIALS: non- randomized method,,
107,pdf_image,MODULE 4_2_RCT_PSYCH_MECHANISMS#page=27#docs\pdf_images\MODULE 4_2_RCT_PSYCH_MECHANISMS\page_27_img3.png,M4-Q01,0.232,Experimenter CLASSIFICATION OF CLINICAL TRIALS: non- randomized method,,
108,pdf_image,MODULE 4_2_RCT_PSYCH_MECHANISMS#page=27#docs\pdf_images\MODULE 4_2_RCT_PSYCH_MECHANISMS\page_27_img4.png,M4-Q01,0.232,Experimenter CLASSIFICATION OF CLINICAL TRIALS: non- randomized method,,
109,pdf_image,MODULE 4_2_RCT_PSYCH_MECHANISMS#page=27#docs\pdf_images\MODULE 4_2_RCT_PSYCH_MECHANISMS\page_27_img5.png,M4-Q01,0.232,Experimenter CLASSIFICATION OF CLINICAL TRIALS: non- randomized method,,
110,pdf_image,MODULE 4_2_RCT_PSYCH_MECHANISMS#page=27#docs\pdf_images\MODULE 4_2_RCT_PSYCH_MECHANISMS\page_27_img6.png,M4-Q01,0.232,Experimenter CLASSIFICATION OF CLINICAL TRIALS: non- randomized method,,
111,pdf_image,MODULE 4_2_RCT_PSYCH_MECHANISMS#page=27#docs\pdf_images\MODULE 4_2_RCT_PSYCH_MECHANISMS\page_27_img7.png,M4-Q01,0.232,Experimenter CLASSIFICATION OF CLINICAL TRIALS: non- randomized method,,
112,pdf_image,MODULE 4_2_RCT_PSYCH_MECHANISMS#page=27#docs\pdf_images\MODULE 4_2_RCT_PSYCH_MECHANISMS\page_27_img8.png,M4-Q01,0.232,Experimenter CLASSIFICATION OF CLINICAL TRIALS: non- randomized method,,
113,pdf_image,MODULE 4_2_RCT_PSYCH_MECHANISMS#page=27#docs\pdf_images\MODULE 4_2_RCT_PSYCH_MECHANISMS\page_27_img9.png,M4-Q01,0.232,Experimenter CLASSIFICATION OF CLINICAL TRIALS: non- randomized method,,
114,pdf_page,MODULE 4_1_Neuro_mech-1#page=16,M1-Q17,0.229,Stein et al (2012) Pain 153: 2210-2217 The matter integrity by fractional anisotropy in normal subjects Lower frontal integrity corresponds to a lower  placebo response,,
115,pdf_page,MODULE 4_1_Neuro_mech-1#page=63,M1-Q20,0.229,"• Extension of previous study • During DBS surgery • Analysis of thalamic nuclei (VA, anterior  ventral and anterior ventral lateral VLA) and  substance nigra Improvements in single-neuron  studies Benedetti,   J Physiol  2009",,
116,pdf_page,MODULE 3_MindChange_part2#page=29,M1-Q12,0.228,Chicken and eggs complication applies these disturbances in arousal regulation could be either a cause  of gaming addiction Or a consequence of it,,
117,pdf_page,MODULE 4_1_Neuro_mech-1#page=68,M1-Q20,0.228,"EEG STUDY It’s my  standard dose  of L-dopa DECEIVE = HALF DOSE HALF = HALF DOSE  FULL = FULL DOSE  It’s my  standard dose  of L-dopa It’s the 50%  of my dose of  L-dopa Carlino et al., Parkinsonisms, 2019",,
118,pdf_page,MODULE 3_MindChange_part1#page=41,M1-Q20,0.226,"We share… • Personal information (true or false) • We share our identity (real, virtual or desired) Previous researches on online ID: 1) Focus on the lack of identity →role of anonymity 2) Focus on the possibility to change online ID and on the quality of  information shared",,
119,pdf_page,MODULE 4_2_RCT_PSYCH_MECHANISMS#page=82,M1-Q20,0.226,"Expectation: Kahneman and Tversky's  prospect theory •The idea behind these theories is the balance between loss  and gain •In decision-making, potential losses tend to carry greater  weight than anticipated gains •In a clinical setting, patient anxiety and concerns about  treatments may be more rel",,
120,pdf_page,MODULE 3_MindChange_part1#page=95,M4-Q02,0.225,Nacc and online  reputation,,
121,pdf_page,MODULE 4_1_Neuro_mech-1#page=71,M4-Q16,0.225,"Conclusion Patients’ expectations about treatment can  significantly enhance its clinical efficacy, even  when the actual dose is lower.",,
122,pdf_page,MODULE 4_2_RCT_PSYCH_MECHANISMS#page=52,M1-Q12,0.225,"CONTEXTUAL FACTORS:  what are they and how have they been studied?  Testa & Rossettini, 2016, Manual Therapy Rossettini, Carlino, Testa, 2018, BMC Musculoskeletal Disorders",,
123,pdf_page,MODULE 3_MindChange_part1#page=66,M4-Q22,0.224,What do we do online? Which are the  consequences? Online activities Share  information Add comments  Interact with  “friends” Biological and psychological  consequences 1. Change of the concept of identity 2. Change of the concept of privacy 3. Cerebral changes after sharing 4. “Like” effect and “d,,
124,pdf_page,MODULE 3_MindChange_part3#page=2,M1-Q20,0.224,Conceptual mapConceptual map Change of the world Change of the brain FREE TIME LEARNING 1) Memory →google effect 2) Searching 3) Reading 4) Multitasking,,
125,pdf_page,MODULE 3_MindChange_part3#page=22,M1-Q20,0.224,"• The brain scans of the Net-naive group  showed an activation pattern similar to that  of their text reading task. • Net-savvy group demonstrated significant  increases in activity in additional regions  that control decision making, complex  reasoning, and vision • After only five days of spending",,
126,pdf_page,MODULE 4_1_Neuro_mech-1#page=36,M1-Q12,0.224,"CONCLUSIONS • The nocebo effect acts on the motor system in  ""physiological"" conditions. • Expectation alone produces a worsening of  performance even without preconditioning",,
127,pdf_page,MODULE 4_1_Neuro_mech-1#page=56,M4-Q09,0.224,"Pollo et al., 2002; Benedetti et al., 2003 Improvement in behavioral studies",,
128,pdf_page,MODULE 4_2_RCT_PSYCH_MECHANISMS#page=38,M4-Q07,0.224,"• STANDARD TRIALS (Phase I, II and III): • If active arm > placebo arm →We proceed with the other phases of  the trial VERUM GROUP (active arm) PLACEBO GROUP (placebo arm)",,
129,pdf_page,MODULE 4_2_RCT_PSYCH_MECHANISMS#page=35,M1-Q17,0.223,PHASE II –Efficacy • Testing of the molecule on larger groups (300- 400 subjects). • Patients who have the pathology for which  the particular molecule is to be tested are  recruited Phase III If benefits are  observed,,
130,pdf_page,MODULE 4_2_RCT_PSYCH_MECHANISMS#page=65,M4-Q22,0.223,"ETHICAL ISSUES IN THE USE OF PLACEBO • Use of placebo prohibited dentologically in certain conditions (e.g. depression, suicide risk, patients with cancer, etc.). • Without the placebo group, is it possible to evaluate the efficacy of a  treatment? • Possible use of trials with two active drugs (Old",,
131,pdf_page,MODULE 3_MindChange_part1#page=5,M4-Q16,0.222,Change of the World: from 3D to 2D 3D world Tablet PC Smartphone TV • Tech is everywhere • Facts can be accessed at random • Actions can be reverse • Time is short • 24/7 responsive and productivity,,
132,pdf_page,MODULE 3_MindChange_part3#page=18,M4-Q05,0.221,Different memories • Nondeclarative memory (or implicit or procedural memory) • Declarative (or explicit) memory • Episodic • Semantic,,
133,pdf_page,MODULE 4_2_RCT_PSYCH_MECHANISMS#page=10,M4-Q07,0.221,"DEFINITIONS placebo /pla·cè·bo/ masculine noun Inert substance, with no specific effects ?? ? ? ? ? ? PLACEBO ? ? ?",,
134,pdf_page,MODULE 3_MindChange_part3#page=43,M4-Q22,0.220,"• Three tests in the study involved the subjects looking at shapes,  numbers, or letters, but the task was to remember something about  just some of the images on the screen and to ignore the others. Multitasking FILTERING TASK, example for shapes",,
135,pdf_page,MODULE 3_MindChange_part1#page=35,M1-Q12,0.219,Conclusions • Our brain is active and can change throughout our lifetime • Different factors can contribute to these changings Changing Time (s) Environments Experiences Deprivations Life-style,,
136,pdf_page,MODULE 4_1_Neuro_mech-1#page=65,M4-Q09,0.219,"• N = 42 PD patients (DBS) • 6 experimental groups • OUTCOMES: – Single Neuron Recording (Thalamus) – Wrist rigidity Benedetti et al., J Physiol, 2016 Improvements in single-neuron  studies",,
137,pdf_page,MODULE 4_1_Neuro_mech-1#page=70,M4-Q16,0.219,0 20 40 60 80 100 -50 0 50 100 % improvement ** * Full  Deceit  Half   % improvement ** * Full  Deceit  Half   UPDRS (part III) -50 0 50 100% improvement *** *** Full  Deceit  Half   Fatigue EEG STUDY Results showed a large difference between the two half-dose groups:  those who believedthey receive,,
138,pdf_page,MODULE 4_2_RCT_PSYCH_MECHANISMS#page=58,M4-Q18,0.219,"HOW TO GIVE INFORMATION • IBS patients • Placebo acupuncture  Kelley et al., Psychosom Med. 2009 Augmented group: Treated with an empathetic approach Control group Limited group: Treated with a neutral approach",,
139,pdf_page,MODULE 3_MindChange_part1#page=38,M4-Q22,0.218,What do we do online? Which are the  consequences? Online activities Share  information Add comments  Interact with  “friends” Biological and psychological  consequences 1. Change of the concept of identity 2. Change of the concept of privacy 3. Cerebral changes after sharing 4. “Like” effect and “d,,
140,pdf_page,MODULE 3_MindChange_part1#page=40,M4-Q22,0.218,What do we do online? Which are the  consequences? Online activities Share  information Add comments  Interact with  “friends” Biological and psychological  consequences 1. Change of the concept of identity 2. Change of the concept of privacy 3. Cerebral changes after sharing 4. “Like” effect and “d,,
141,pdf_page,MODULE 3_MindChange_part1#page=52,M4-Q22,0.218,What do we do online? Which are the  consequences? Online activities Share  information Add comments  Interact with  “friends” Biological and psychological  consequences 1. Change of the concept of identity 2. Change of the concept of privacy 3. Cerebral changes after sharing 4. “Like” effect and “d,,
142,pdf_page,MODULE 3_MindChange_part1#page=57,M4-Q09,0.218,"Like effect • Conclusions: Taken together, imaging findings suggest that  adolescents perceive information online in a qualitatively different  way when they believe that this information is valued more highly by  peers. Sherman et al., 2016, Psychological Science",,
143,pdf_page,MODULE 3_MindChange_part2#page=55,M4-Q15,0.218,"VIDEOGAMES, AGGRESSION, AND RECKLESSNESS • Playing violent videogames has consequences on our behaviors. What  about our brain? behaviors ???",,
144,pdf_page,MODULE 4_1_Neuro_mech-1#page=33,M4-Q22,0.218,"Expectation protocol → patients showed partial  improvements: they could do more repetitions, but their fatigue  level did not change. Conditioning protocol → there was a clear improvement by  session 4 (final phase), both in subjective (RPE) and  objective (rep) measures CONCLUSION • The placebo ef",,
145,pdf_page,MODULE 4_2_RCT_PSYCH_MECHANISMS#page=92,M4-Q09,0.218,"Clinical scenario Rossettini et al., 2022 (under review)",,
146,pdf_page,MODULE 4_2_RCT_PSYCH_MECHANISMS#page=5,M4-Q22,0.217,Pharmacological Treatment masculine noun A substance capable of causing functional changes in the body by  means of a chemical or physical action,,
147,pdf_page,MODULE 4_2_RCT_PSYCH_MECHANISMS#page=23,M4-Q15,0.217,Natural History (NH) Regression to the mean Bias NON-SPECIFIC FACTORS HOW CAN WE SAY THAT A DRUG (treatment)  is EFFECTIVE? • To control methodological factors→we administer a PLACEBO ✓ACTIVE ARM: receives the active treatment ✓PLACEBO ARM: receives the placebo treatment time Administration treatmen,,
148,pdf_page,MODULE 4_2_RCT_PSYCH_MECHANISMS#page=39,M4-Q24,0.217,Gold standard?  All that glitters is not gold RCTs Problems,,
149,pdf_page,MODULE 4_2_RCT_PSYCH_MECHANISMS#page=34,M1-Q20,0.216,"PHASE I –Safety and dosage  • Typically on humans (volunteers) (20-80  subjects) • Typically on healthy subjects (sometimes on  terminal patients in the absence of other  treatments) • It is used to test the pharmacokinetics and  toxicity • If the safety of the drug has been confirmed,  we move on t",,
150,pdf_page,MODULE 3_MindChange_part1#page=19,M1-Q20,0.215,London taxi drivers  For a rookie driver →2y  after passing “the  Knowledge” to become a  good taxi driver! Do London Taxi Drivers  show physical changes in  their brains as a result of  the very daily use of their  working memory? Maguire et al (2000). Navigation-related structural change in the hi,,
151,pdf_page,MODULE 3_MindChange_part3#page=28,M1-Q12,0.215,"• Students with high level of attention →more frequently guided their  learning in a linear manner, alternating between search engine results  and first links. Rarely did these learners select hyperlinks presented  on the links themselves, and it was these students who performed  better on the test",,
152,pdf_page,MODULE 4_1_Neuro_mech-1#page=61,M1-Q20,0.215,"• Double-blind study • During DBS surgery • Placebo administered in the operating room  after several days of preconditioning with  apomorphine Improvements in single-neuron  studies Benedetti,   Nature Neurosci  2004",,
153,pdf_page,MODULE 4_2_RCT_PSYCH_MECHANISMS#page=36,M1-Q17,0.215,PHASE III – Approval phase • Increasing the number of patients  (multicenter studies with 2000-3000 patients) • Approval phase  If few side effects and good efficacy,,
154,pdf_page,MODULE 3_MindChange_part1#page=8,M1-Q13,0.214,Internet sales as a percentage of total retail  sales (ratio) (%)  www.ons.gov.uk,,
155,pdf_page,MODULE 3_MindChange_part2#page=5,M4-Q19,0.214,Time on videogames,,
156,pdf_page,MODULE 3_MindChange_part3#page=36,M4-Q22,0.214,"Readings This paper was conducted in the  following order:  1) pre-CFF measurement,  2) p-/e-book reading, 3) post-CFF measurement,  4) quiz and questionnaire.  5) exit",,
157,pdf_page,MODULE 3_MindChange_part1#page=6,M4-Q16,0.213,"Change of the World: from 3D to 2D This change seems different from previous changes (car, electricity, TV)  for different reasons:  1) This change is different of its pervasiveness. 2) The shift from technology as a means to its being an end in and of  itself",,
158,pdf_page,MODULE 3_MindChange_part1#page=37,M1-Q20,0.213,"What do we do online?  Meshi et al., (2015). The Emerging Neuroscience of Social Media. Trends in Cognitive Sciences, Vol.19, No.12 771-782. http://dx.doi.org/10.1016/j.tics.2015.09.004",,
159,pdf_page,MODULE 4_2_RCT_PSYCH_MECHANISMS#page=46,M4-Q16,0.213,"PLACEBO IN CLINICAL TRIALS:  ACTIVE ARM PROBLEMS • Negative RCTs are increasing over time in different therapeutic areas  (oncology, chronic and musculoskeletal pain, CNS disorders) • In the majority of trials (52%), the problem is the absence of a  difference between the treatment and the placebo→",,
160,pdf_page,MODULE 3_MindChange_part1#page=50,M1-Q20,0.211,"Sharing effect • As a species, we seem to have such a craving for self-disclosure that it  could be considered a very basic part of the human psyche • Harvard scientists have actually  demonstrated that sharing personal  information about oneself, as on social  networking sites, activates the reward",,
161,pdf_page,MODULE 3_MindChange_part1#page=85,M1-Q20,0.211,"Empathy levels • Change of communication →reduced interactions →change of  empathy. • A survey of fourteen thousand U.S. college students suggests that  levels of empathy may be declining. • A huge drop in the curve is related to the last decade, a period that  corresponds to the increase of social",,
162,pdf_page,MODULE 4_2_RCT_PSYCH_MECHANISMS#page=97,M1-Q20,0.210,"SOCIAL CONDITIONING Colloca et al., Philos Trans R Soc Lond B Biol Sci, 2011 • Learning mediated by the presence of a social  context (observational) –Presence of an ""actor"" who simulates  improvements or worsening –In the clinical context→waiting room",,
163,pdf_page,MODULE 3_MindChange_part1#page=10,M4-Q05,0.209,Pervasiveness • Work/study • Communicate with friends • Find new friends • Gain information and news • Shopping • Spare time • Alarm • Maps • … Tablet PC Smartphone TV,,
164,pdf_page,MODULE 4_1_Neuro_mech-1#page=60,M1-Q20,0.209,Improvement in PET studies • Clinical improvement associated with → dorsal striatum (caudate and putamen) • Expectation of beneficial associated with→ ventral striatum (accumbens),,
165,pdf_page,MODULE 4_1_Neuro_mech-1#page=59,M4-Q16,0.208,• All patients showed a dopamine release BUT  only half also reported clinical improvement • These patients (clinically improved):  increased release of dopamine at the level of  the dorsal striatum. De la Fuente-Fernandez et al.  Science  2001 Improvement in PET studies,,
166,pdf_page,MODULE 4_2_RCT_PSYCH_MECHANISMS#page=8,M4-Q22,0.208,From pharmacological treatments to other  treatments Pharmacological  treatment  Surgical  treatment Manual therapies Psychotherapy,,
167,pdf_page,MODULE 4_2_RCT_PSYCH_MECHANISMS#page=24,M4-Q16,0.208,"CLINICAL TRIALS • Gold standard → RCT (Randomized – double blind – placebo  controlled – Clinical Trial) • Examples of ""historical"" controlled trials: 1. Mesmerism (Mesmer, commissioned by Benjamin Franklin → there is no magnetic fluid, it is a matter of imagination or  spontaneous remission) 2. Hom",,
168,pdf_page,MODULE 4_1_Neuro_mech-1#page=64,M1-Q20,0.207,Placebo responder: reduction of  firing rate in the STN associated with  reduction in the substance nigra and  increase in the thalamic nuclei Placebo non-responder + + - - + + increasedecrease pre –post  pre Neuronal firing rate (Hz) STN SNr Th STN,,
169,pdf_page,MODULE 4_2_RCT_PSYCH_MECHANISMS#page=73,M4-Q15,0.206,BEHAVIORAL STUDIES EEGPHARMACOLOGY How can it be studied? fMRI / PET,,
170,pdf_image,MODULE 4_2_RCT_PSYCH_MECHANISMS#page=12#docs\pdf_images\MODULE 4_2_RCT_PSYCH_MECHANISMS\page_12_img1.png,M4-Q22,0.206,PLACEBO in modern science: 3 contexts • In clinical trials→ the aim is to REDUCE the placebo effect Placebo administered to quantify the efficacy of an active  treatment,,
171,pdf_page,MODULE 3_MindChange_part1#page=14,M4-Q16,0.205,"Digital Native vs Digital Immigrants Irrespective of the date  of born, parents are most  likely to be Digital  Immigrants and their  children Digital Natives The former are still learning the enormous potential of these technologies in adulthood, while the latter have known nothing else",,
172,pdf_page,MODULE 3_MindChange_part1#page=64,M1-Q20,0.205,"Dopamine effect • If social networking is rewarding and exciting, it is very likely that  social networking might serve as another trigger for the release of  dopamine in the brain. • Specific features of Facebook and other social networking sites  might make them triggers for dopamine release Weins",,
173,pdf_page,MODULE 3_MindChange_part2#page=31,M1-Q20,0.205,"Videogames and rewards • MMORPGs have been studied because excessive gaming is most  commonly seen in MMORPGs • The reward structure built into the game influences the development  of excessive gaming • MMORPGs have intricate reward  systems built into the games, with  gamers constantly trying to re",,
174,pdf_page,MODULE 3_MindChange_part3#page=15,M1-Q20,0.205,Google effect EXPERIMENT 4:  • Was conducted to see if  people would recall “where” to find information more than  the information itself (“what”) • Participants believed all trivia  statements that they typed  would be saved into one of  five generic folders Statement: The capital of Karnataka is B,,
175,pdf_page,MODULE 3_MindChange_part3#page=20,M1-Q12,0.205,•Task: Patterns of brain activation during functional MRI  scanning were determined while subjects performed  1. a novel Internet search task Googling 2.   or a control task of reading text on a  computer screen formatted to simulate  the prototypic layout of a printed book  Read  this text,,
176,pdf_page,MODULE 4_1_Neuro_mech-1#page=43,M4-Q09,0.205,Goebel et al. (2002) FASEB J. 16: 1869-1873. Strawberry  milk Cyclosporin A (immunosuppressant: reduction of interleukin-2 and interferon) Placebo Strawberry  milk CONDITIONED GROUP ACQUISITION EVOCATION Control group Conditioned group Drug group IMMUNOSUPPRESSION,,
177,pdf_page,MODULE 4_2_RCT_PSYCH_MECHANISMS#page=51,M4-Q22,0.205,"Benedetti F, Carlino E, Pollo A. Neuropsychopharmacology 2011;36:339-54 Benedetti F, Carlino E, Pollo A. Neuropsychopharmacology 2011;36:339-54 Clinical trialist Neurobiologist Our interest /TREATMENT PLACEBO EFFECT",,
178,pdf_page,MODULE 4_2_RCT_PSYCH_MECHANISMS#page=83,M1-Q20,0.205,"Expectation: Rescorla-Wagner's model •Expectations develop as a result of an associative learning  process. •According to the Rescorla-Wagner model, expectations are  learned following trials (learning what to expect). •The strength of expectations is given by the number of trials that  confirm the",,
179,pdf_image,MODULE 3_MindChange_part2#page=2#docs\pdf_images\MODULE 3_MindChange_part2\page_2_img1.png,M3-Q13,0.205,Conceptual mapConceptual map Change of the world Change of the brain FREE TIME LEARNING enlarged ventral  striatum AGGRESSION,,
180,pdf_image,MODULE 3_MindChange_part2#page=2#docs\pdf_images\MODULE 3_MindChange_part2\page_2_img2.png,M3-Q13,0.205,Conceptual mapConceptual map Change of the world Change of the brain FREE TIME LEARNING enlarged ventral  striatum AGGRESSION,,
181,pdf_image,MODULE 3_MindChange_part2#page=2#docs\pdf_images\MODULE 3_MindChange_part2\page_2_img3.png,M3-Q13,0.205,Conceptual mapConceptual map Change of the world Change of the brain FREE TIME LEARNING enlarged ventral  striatum AGGRESSION,,
182,pdf_image,MODULE 3_MindChange_part2#page=2#docs\pdf_images\MODULE 3_MindChange_part2\page_2_img4.png,M3-Q13,0.205,Conceptual mapConceptual map Change of the world Change of the brain FREE TIME LEARNING enlarged ventral  striatum AGGRESSION,,
183,pdf_image,MODULE 3_MindChange_part2#page=2#docs\pdf_images\MODULE 3_MindChange_part2\page_2_img5.png,M3-Q13,0.205,Conceptual mapConceptual map Change of the world Change of the brain FREE TIME LEARNING enlarged ventral  striatum AGGRESSION,,
184,pdf_image,MODULE 3_MindChange_part2#page=2#docs\pdf_images\MODULE 3_MindChange_part2\page_2_img6.png,M3-Q13,0.205,Conceptual mapConceptual map Change of the world Change of the brain FREE TIME LEARNING enlarged ventral  striatum AGGRESSION,,
185,pdf_image,MODULE 3_MindChange_part2#page=2#docs\pdf_images\MODULE 3_MindChange_part2\page_2_img7.png,M3-Q13,0.205,Conceptual mapConceptual map Change of the world Change of the brain FREE TIME LEARNING enlarged ventral  striatum AGGRESSION,,
186,pdf_image,MODULE 3_MindChange_part2#page=2#docs\pdf_images\MODULE 3_MindChange_part2\page_2_img8.png,M3-Q13,0.205,Conceptual mapConceptual map Change of the world Change of the brain FREE TIME LEARNING enlarged ventral  striatum AGGRESSION,,
187,pdf_image,MODULE 3_MindChange_part2#page=2#docs\pdf_images\MODULE 3_MindChange_part2\page_2_img9.png,M3-Q13,0.205,Conceptual mapConceptual map Change of the world Change of the brain FREE TIME LEARNING enlarged ventral  striatum AGGRESSION,,
188,pdf_image,MODULE 3_MindChange_part2#page=2#docs\pdf_images\MODULE 3_MindChange_part2\page_2_img10.png,M3-Q13,0.205,Conceptual mapConceptual map Change of the world Change of the brain FREE TIME LEARNING enlarged ventral  striatum AGGRESSION,,
189,pdf_page,MODULE 3_MindChange_part1#page=9,M1-Q20,0.204,Pervasiveness • Study on US adults using social networking sites • 24% of U.S. adult users of social networking sites reported a curious  phenomenon in 2012—that they missed out on a key event or  moment in their lives because they were so absorbed in updating  their social networking site about tha,,
190,pdf_page,MODULE 4_2_RCT_PSYCH_MECHANISMS#page=6,M1-Q17,0.204,PHARMACOLOGICAL  TREATMENT • molecule introduced into the body • has certain biochemical actions • has certain biological effects ex. morphine pain μ μ First analgesic pathway Second analgesic pathway,,
191,pdf_page,MODULE 3_MindChange_part2#page=61,M4-Q16,0.203,"From aggression to attention • Could videogames, given their fast-paced and vivid content, be  affecting attention in a way that is unprecedented and unique  compared to all the usual, more muted distractions of real life? • Contrasting results: both positive and negative results…",,
192,pdf_page,MODULE 3_MindChange_part3#page=31,M4-Q15,0.203,Reading from books to  screens  Read  this text,,
193,pdf_page,MODULE 4_1_Neuro_mech-1#page=54,M4-Q22,0.203,"Improvement in behavioral studies • The expectation of clinical improvement plays a crucial role • Typical experimental situation: placebo is administered  giving the patient positive expectations of improvement • Bradykinesia is the symptom more sensitive to positive  expectations, compared to trem",,
194,pdf_page,MODULE 4_2_RCT_PSYCH_MECHANISMS#page=37,M1-Q20,0.203,"PHASE IV –Post-marketing  surveillance • MARKET LAUNCH • Phase that lasts ""forever“ • The recording of side effects continues. • Ex: Thalidomide, marketed after animal testing  (late 50s) →Lancet study →administration of thalidomide to pregnant mice  resulted in the birth of broods with severe limb",,
195,pdf_page,MODULE 4_2_RCT_PSYCH_MECHANISMS#page=41,M4-Q16,0.203,"PLACEBO IN CLINICAL TRIALS: PROBLEMS One therapy is tested by comparing the ""active treatment arm"" with the  ""placebo arm"". Unfortunately, this comparison often generates uncertainty for several  reasons: • Wrong interpretation (I report a difference that does not exist).  • Inability to find a diff",,
196,pdf_page,MODULE 4_2_RCT_PSYCH_MECHANISMS#page=59,M1-Q20,0.203,"Testa & Rossettini, 2016, Manual Therapy Rossettini, Carlino, Testa, 2018, BMC Musculoskeletal Disorders CONTEXTUAL FACTORS:  what are they and how have they been studied?",,
197,pdf_image,MODULE 4_1_Neuro_mech-1#page=29#docs\pdf_images\MODULE 4_1_Neuro_mech-1\page_29_img1.png,M4-Q18,0.203,MOTOR  SYSTEM Placebo effect (caffeine drink) Nocebo effect (sham stimulation),,
198,pdf_image,MODULE 4_1_Neuro_mech-1#page=29#docs\pdf_images\MODULE 4_1_Neuro_mech-1\page_29_img2.png,M4-Q18,0.203,MOTOR  SYSTEM Placebo effect (caffeine drink) Nocebo effect (sham stimulation),,
199,pdf_image,MODULE 4_1_Neuro_mech-1#page=29#docs\pdf_images\MODULE 4_1_Neuro_mech-1\page_29_img3.png,M4-Q18,0.203,MOTOR  SYSTEM Placebo effect (caffeine drink) Nocebo effect (sham stimulation),,
200,pdf_image,MODULE 4_1_Neuro_mech-1#page=29#docs\pdf_images\MODULE 4_1_Neuro_mech-1\page_29_img4.png,M4-Q18,0.203,MOTOR  SYSTEM Placebo effect (caffeine drink) Nocebo effect (sham stimulation),,
